<keymap version="1" name="Default copy" parent="$default">
  <action id="Console.Execute.Multiline" />
  <action id="ConsoleView.ClearAll">
    <keyboard-shortcut first-keystroke="ctrl l" />
  </action>
  <action id="DuplicatesForm.SendToLeft" />
  <action id="DuplicatesForm.SendToRight" />
  <action id="Editor SelectAll">
    <keyboard-shortcut first-keystroke="ctrl a" />
  </action>
  <action id="EditorSplitLine" />
  <action id="ExecuteInPyConsoleAction">
    <keyboard-shortcut first-keystroke="ctrl enter" />
  </action>
  <action id="FileChooser.GotoHome" />
  <action id="FileChooser.GotoProject" />
  <action id="FindNext">
    <keyboard-shortcut first-keystroke="f3" />
  </action>
  <action id="FocusEditor">
    <keyboard-shortcut first-keystroke="escape" />
    <keyboard-shortcut first-keystroke="ctrl 1" />
  </action>
  <action id="GotoBookmark1" />
  <action id="GotoBookmark2" />
  <action id="GotoLine">
    <keyboard-shortcut first-keystroke="shift ctrl g" />
  </action>
  <action id="IpnbRunCellInplaceAction" />
  <action id="OpenFile">
    <keyboard-shortcut first-keystroke="ctrl o" />
  </action>
  <action id="OverrideMethods" />
  <action id="ShowSettings">
    <keyboard-shortcut first-keystroke="f8" />
  </action>
  <action id="StepOver" />
  <action id="StopBackgroundProcesses" />
  <action id="SwitchApply">
    <keyboard-shortcut first-keystroke="shift alt enter" />
  </action>
  <action id="SwitchDown">
    <keyboard-shortcut first-keystroke="shift alt down" />
  </action>
  <action id="SwitchLeft">
    <keyboard-shortcut first-keystroke="shift alt left" />
  </action>
  <action id="SwitchRight">
    <keyboard-shortcut first-keystroke="shift alt right" />
  </action>
  <action id="SwitchUp">
    <keyboard-shortcut first-keystroke="shift alt up" />
  </action>
  <action id="ToggleDistractionFreeMode">
    <keyboard-shortcut first-keystroke="shift ctrl f2" />
  </action>
  <action id="ToggleFullScreen">
    <keyboard-shortcut first-keystroke="shift ctrl f3" />
  </action>
  <action id="TogglePresentationMode">
    <keyboard-shortcut first-keystroke="shift ctrl f1" />
  </action>
  <action id="ViewSource" />
  <action id="com.jetbrains.python.console.RunPythonConsoleAction">
    <keyboard-shortcut first-keystroke="ctrl 2" />
  </action>
  <action id="com.jetbrains.python.console.RunPythonOrDebugConsoleAction">
    <keyboard-shortcut first-keystroke="ctrl 2" />
  </action>
</keymap>