<application>
  <component name="CodeFoldingSettings">
    <option name="COLLAPSE_IMPORTS" value="false" />
    <option name="COLLAPSE_FILE_HEADER" value="false" />
  </component>
  <component name="CodeInsightSettings">
    <option name="PARAMETER_INFO_DELAY" value="100" />
    <option name="AUTO_POPUP_JAVADOC_INFO" value="true" />
    <option name="JAVADOC_INFO_DELAY" value="100" />
    <option name="AUTO_POPUP_COMPLETION_LOOKUP" value="false" />
    <option name="SHOW_FULL_SIGNATURES_IN_PARAMETER_INFO" value="true" />
  </component>
  <component name="DefaultFont">
    <option name="FONT_FAMILY" value="Envy Code R" />
    <option name="LINE_SPACING" value="0.975" />
    <option name="SECONDARY_FONT_FAMILY" value="Ubuntu Mono" />
  </component>
  <component name="EditorSettings">
    <option name="CARET_BLINKING_PERIOD" value="175" />
    <option name="SHOW_BREADCRUMBS" value="false" />
    <option name="SMART_HOME" value="false" />
    <option name="IS_INDENT_GUIDES_SHOWN" value="false" />
    <option name="IS_WHEEL_FONTCHANGE_ENABLED" value="true" />
    <option name="ADD_CARETS_ON_DOUBLE_CTRL" value="false" />
  </component>
  <component name="XmlEditorOptions">
    <option name="autoCloseTag" value="false" />
    <option name="automaticallyInsertClosingTag" value="false" />
    <option name="automaticallyInsertRequiredAttributes" value="false" />
    <option name="automaticallyInsertRequiredSubTags" value="false" />
    <option name="automaticallyStartAttribute" value="false" />
    <option name="insertQuotesForAttributeValue" value="false" />
    <option name="selectWholeCssIdentifierOnDoubleClick" value="false" />
    <option name="syncTagEditing" value="false" />
  </component>
</application>