<application>
  <component name="GeneralSettings">
    <option name="confirmExit" value="false" />
    <option name="showTipsOnStartup" value="false" />
  </component>
  <component name="Registry">
    <entry key="ide.tooltip.initialDelay" value="548" />
    <entry key="ide.allow.merge.buttons" value="false" />
  </component>
  <component name="StatusBar">
    <option name="widgets">
      <map>
        <entry key="Memory" value="true" />
        <entry key="pythonInterpreterWidget" value="false" />
      </map>
    </option>
  </component>
</application>