<application>
  <component name="ProjectJdkTable">
    <jdk version="2">
      <name value="Python 3.8" />
      <type value="Python SDK" />
      <version value="Python 3.9.7" />
      <homePath value="C:\Apps\Anaconda3\python.exe" />
      <roots>
        <classPath>
          <root type="composite">
            <root url="file://C:/Apps/Anaconda3/DLLs" type="simple" />
            <root url="file://C:/Apps/Anaconda3/Lib" type="simple" />
            <root url="file://C:/Apps/Anaconda3/Lib/site-packages" type="simple" />
            <root url="jar://C:/Apps/Anaconda3/Lib/site-packages/locket-0.2.1-py3.9.egg!/" type="simple" />
            <root url="file://C:/Apps/Anaconda3/Lib/site-packages/win32" type="simple" />
            <root url="file://C:/Apps/Anaconda3/Lib/site-packages/win32/lib" type="simple" />
            <root url="file://C:/Apps/Anaconda3/Lib/site-packages/pythonwin" type="simple" />
            <root url="file://$USER_HOME$/AppData/Local/JetBrains/PyCharm2020.2/python_stubs/1708369100" type="simple" />
            <root url="file://$APPLICATION_HOME_DIR$/plugins/python/helpers/python-skeletons" type="simple" />
            <root url="file://$APPLICATION_HOME_DIR$/plugins/python/helpers/typeshed/stdlib/3.7" type="simple" />
            <root url="file://$APPLICATION_HOME_DIR$/plugins/python/helpers/typeshed/stdlib/3" type="simple" />
            <root url="file://$APPLICATION_HOME_DIR$/plugins/python/helpers/typeshed/stdlib/2and3" type="simple" />
            <root url="file://$APPLICATION_HOME_DIR$/plugins/python/helpers/typeshed/third_party/3" type="simple" />
            <root url="file://$APPLICATION_HOME_DIR$/plugins/python/helpers/typeshed/third_party/2and3" type="simple" />
          </root>
        </classPath>
        <sourcePath>
          <root type="composite" />
        </sourcePath>
      </roots>
      <additional />
    </jdk>
    <jdk version="2">
      <name value="Remote Python 3.7.9 (sftp://jtriv@192.168.1.14:22/home/jtriv/apps/anaconda3/envs/cv/bin/python3)" />
      <type value="Python SDK" />
      <version value="Python 3.7.9" />
      <homePath value="sftp://jtriv@192.168.1.14:22/home/jtriv/apps/anaconda3/envs/cv/bin/python3" />
      <roots>
        <classPath>
          <root type="composite">
            <root url="file://$USER_HOME$/AppData/Local/JetBrains/PyCharm2020.2/remote_sources/440719992/1894538586" type="simple" />
            <root url="file://$USER_HOME$/AppData/Local/JetBrains/PyCharm2020.2/remote_sources/440719992/-1971505986" type="simple" />
            <root url="file://$USER_HOME$/AppData/Local/JetBrains/PyCharm2020.2/python_stubs/440719992" type="simple" />
            <root url="file://$APPLICATION_HOME_DIR$/plugins/python/helpers/python-skeletons" type="simple" />
            <root url="file://$APPLICATION_HOME_DIR$/plugins/python/helpers/typeshed/stdlib/3.7" type="simple" />
            <root url="file://$APPLICATION_HOME_DIR$/plugins/python/helpers/typeshed/stdlib/3" type="simple" />
            <root url="file://$APPLICATION_HOME_DIR$/plugins/python/helpers/typeshed/stdlib/2and3" type="simple" />
            <root url="file://$APPLICATION_HOME_DIR$/plugins/python/helpers/typeshed/third_party/3" type="simple" />
            <root url="file://$APPLICATION_HOME_DIR$/plugins/python/helpers/typeshed/third_party/2and3" type="simple" />
          </root>
        </classPath>
        <sourcePath>
          <root type="composite" />
        </sourcePath>
      </roots>
      <additional INTERPRETER_PATH="/home/jtriv/apps/anaconda3/envs/cv/bin/python3" HELPERS_PATH="/home/jtriv/.pycharm_helpers" INITIALIZED="false" VALID="true" RUN_AS_ROOT_VIA_SUDO="false" SKELETONS_PATH="" VERSION="" WEB_SERVER_CONFIG_ID="df6a70f7-bf34-47e2-b4d8-0512bd1be7ea" WEB_SERVER_CONFIG_NAME="jtriv@192.168.1.14:22 key" WEB_SERVER_CREDENTIALS_ID="sftp://jtriv@192.168.1.14:22">
        <PathMappingSettings>
          <option name="pathMappings">
            <list>
              <mapping local-root="$USER_HOME$/AppData/Local/JetBrains/PyCharm2020.2/remote_sources/440719992/1894538586" remote-root="/home/jtriv/apps/anaconda3/envs/cv/lib/python3.7" />
              <mapping local-root="$USER_HOME$/AppData/Local/JetBrains/PyCharm2020.2/remote_sources/440719992/-1971505986" remote-root="/home/jtriv/apps/anaconda3/envs/cv/lib/python3.7/site-packages" />
            </list>
          </option>
        </PathMappingSettings>
      </additional>
    </jdk>
    <jdk version="2">
      <name value="Python 3.7 (cv)" />
      <type value="Python SDK" />
      <version value="Python 3.7.9" />
      <homePath value="C:\Apps\Anaconda3\envs\cv\python.exe" />
      <roots>
        <classPath>
          <root type="composite">
            <root url="file://C:/Apps/Anaconda3/envs/cv/DLLs" type="simple" />
            <root url="file://C:/Apps/Anaconda3/envs/cv/Lib" type="simple" />
            <root url="file://C:/Apps/Anaconda3/envs/cv/Lib/site-packages" type="simple" />
            <root url="file://C:/Apps/Anaconda3/envs/cv/Lib/site-packages/win32" type="simple" />
            <root url="file://C:/Apps/Anaconda3/envs/cv/Lib/site-packages/win32/lib" type="simple" />
            <root url="file://C:/Apps/Anaconda3/envs/cv/Lib/site-packages/pythonwin" type="simple" />
            <root url="file://$USER_HOME$/AppData/Local/JetBrains/PyCharm2020.2/python_stubs/-414628161" type="simple" />
            <root url="file://$APPLICATION_HOME_DIR$/plugins/python/helpers/python-skeletons" type="simple" />
            <root url="file://$APPLICATION_HOME_DIR$/plugins/python/helpers/typeshed/stdlib/3.7" type="simple" />
            <root url="file://$APPLICATION_HOME_DIR$/plugins/python/helpers/typeshed/stdlib/3" type="simple" />
            <root url="file://$APPLICATION_HOME_DIR$/plugins/python/helpers/typeshed/stdlib/2and3" type="simple" />
            <root url="file://$APPLICATION_HOME_DIR$/plugins/python/helpers/typeshed/third_party/3" type="simple" />
            <root url="file://$APPLICATION_HOME_DIR$/plugins/python/helpers/typeshed/third_party/2and3" type="simple" />
          </root>
        </classPath>
        <sourcePath>
          <root type="composite" />
        </sourcePath>
      </roots>
      <additional ASSOCIATED_PROJECT_PATH="G:/Repos/GT/CS6476" />
    </jdk>
    <jdk version="2">
      <name value="Remote Python 3.6.12 (sftp://jtriv@192.168.1.14:22/home/jtriv/apps/anaconda3/envs/ml4t/bin/python3)" />
      <type value="Python SDK" />
      <version value="Python 3.6.12" />
      <homePath value="sftp://jtriv@192.168.1.14:22/home/jtriv/apps/anaconda3/envs/ml4t/bin/python3" />
      <roots>
        <classPath>
          <root type="composite">
            <root url="file://$USER_HOME$/AppData/Local/JetBrains/PyCharm2020.2/remote_sources/-773974172/1560261765" type="simple" />
            <root url="file://$USER_HOME$/AppData/Local/JetBrains/PyCharm2020.2/remote_sources/-773974172/38216873" type="simple" />
            <root url="file://$USER_HOME$/AppData/Local/JetBrains/PyCharm2020.2/python_stubs/-773974172" type="simple" />
            <root url="file://$APPLICATION_HOME_DIR$/plugins/python/helpers/python-skeletons" type="simple" />
            <root url="file://$APPLICATION_HOME_DIR$/plugins/python/helpers/typeshed/stdlib/3" type="simple" />
            <root url="file://$APPLICATION_HOME_DIR$/plugins/python/helpers/typeshed/stdlib/2and3" type="simple" />
            <root url="file://$APPLICATION_HOME_DIR$/plugins/python/helpers/typeshed/third_party/3" type="simple" />
            <root url="file://$APPLICATION_HOME_DIR$/plugins/python/helpers/typeshed/third_party/2and3" type="simple" />
          </root>
        </classPath>
        <sourcePath>
          <root type="composite" />
        </sourcePath>
      </roots>
      <additional INTERPRETER_PATH="/home/jtriv/apps/anaconda3/envs/ml4t/bin/python3" HELPERS_PATH="/home/jtriv/.pycharm_helpers" INITIALIZED="false" VALID="true" RUN_AS_ROOT_VIA_SUDO="false" SKELETONS_PATH="" VERSION="" WEB_SERVER_CONFIG_ID="b9578646-279e-4651-8a93-c6b0c5ad18d3" WEB_SERVER_CONFIG_NAME="jtriv@192.168.1.14:22 key" WEB_SERVER_CREDENTIALS_ID="sftp://jtriv@192.168.1.14:22">
        <PathMappingSettings>
          <option name="pathMappings">
            <list>
              <mapping local-root="$USER_HOME$/AppData/Local/JetBrains/PyCharm2020.2/remote_sources/-773974172/1560261765" remote-root="/home/jtriv/apps/anaconda3/envs/ml4t/lib/python3.6" />
              <mapping local-root="$USER_HOME$/AppData/Local/JetBrains/PyCharm2020.2/remote_sources/-773974172/38216873" remote-root="/home/jtriv/apps/anaconda3/envs/ml4t/lib/python3.6/site-packages" />
            </list>
          </option>
        </PathMappingSettings>
      </additional>
    </jdk>
    <jdk version="2">
      <name value="Remote Python 3.9.2 (sftp://jtriv@192.168.1.14:22/home/jtriv/apps/anaconda3/envs/tfp/bin/python3.9)" />
      <type value="Python SDK" />
      <version value="Python 3.9.2" />
      <homePath value="sftp://jtriv@192.168.1.14:22/home/jtriv/apps/anaconda3/envs/tfp/bin/python3.9" />
      <roots>
        <classPath>
          <root type="composite">
            <root url="file://$USER_HOME$/AppData/Local/JetBrains/PyCharm2020.2/remote_sources/936477028/-772511321" type="simple" />
            <root url="file://$USER_HOME$/AppData/Local/JetBrains/PyCharm2020.2/remote_sources/936477028/-847301045" type="simple" />
            <root url="file://$USER_HOME$/AppData/Local/JetBrains/PyCharm2020.2/python_stubs/936477028" type="simple" />
            <root url="file://$APPLICATION_HOME_DIR$/plugins/python/helpers/python-skeletons" type="simple" />
            <root url="file://$APPLICATION_HOME_DIR$/plugins/python/helpers/typeshed/stdlib/3.7" type="simple" />
            <root url="file://$APPLICATION_HOME_DIR$/plugins/python/helpers/typeshed/stdlib/3" type="simple" />
            <root url="file://$APPLICATION_HOME_DIR$/plugins/python/helpers/typeshed/stdlib/2and3" type="simple" />
            <root url="file://$APPLICATION_HOME_DIR$/plugins/python/helpers/typeshed/third_party/3" type="simple" />
            <root url="file://$APPLICATION_HOME_DIR$/plugins/python/helpers/typeshed/third_party/2and3" type="simple" />
          </root>
        </classPath>
        <sourcePath>
          <root type="composite" />
        </sourcePath>
      </roots>
      <additional INTERPRETER_PATH="/home/jtriv/apps/anaconda3/envs/tfp/bin/python3.9" HELPERS_PATH="/home/jtriv/.pycharm_helpers" INITIALIZED="false" VALID="true" RUN_AS_ROOT_VIA_SUDO="false" SKELETONS_PATH="" VERSION="" WEB_SERVER_CONFIG_ID="73c06b29-1779-478c-aee2-f257f85627bc" WEB_SERVER_CONFIG_NAME="jtriv@192.168.1.14:22 key" WEB_SERVER_CREDENTIALS_ID="sftp://jtriv@192.168.1.14:22">
        <PathMappingSettings>
          <option name="pathMappings">
            <list>
              <mapping local-root="$USER_HOME$/AppData/Local/JetBrains/PyCharm2020.2/remote_sources/936477028/-772511321" remote-root="/home/jtriv/apps/anaconda3/envs/tfp/lib/python3.9" />
              <mapping local-root="$USER_HOME$/AppData/Local/JetBrains/PyCharm2020.2/remote_sources/936477028/-847301045" remote-root="/home/jtriv/apps/anaconda3/envs/tfp/lib/python3.9/site-packages" />
            </list>
          </option>
        </PathMappingSettings>
      </additional>
    </jdk>
    <jdk version="2">
      <name value="Remote Python 3.9.4 (sftp://jtriv@192.168.1.14:22/home/jtriv/apps/anaconda3/envs/ns/bin/python3)" />
      <type value="Python SDK" />
      <version value="Python 3.9.4" />
      <homePath value="sftp://jtriv@192.168.1.14:22/home/jtriv/apps/anaconda3/envs/ns/bin/python3" />
      <roots>
        <classPath>
          <root type="composite">
            <root url="file://$USER_HOME$/AppData/Local/JetBrains/PyCharm2020.2/remote_sources/54751434/345941806" type="simple" />
            <root url="file://$USER_HOME$/AppData/Local/JetBrains/PyCharm2020.2/remote_sources/54751434/-911230062" type="simple" />
            <root url="file://$USER_HOME$/AppData/Local/JetBrains/PyCharm2020.2/python_stubs/54751434" type="simple" />
            <root url="file://$APPLICATION_HOME_DIR$/plugins/python/helpers/python-skeletons" type="simple" />
            <root url="file://$APPLICATION_HOME_DIR$/plugins/python/helpers/typeshed/stdlib/3.7" type="simple" />
            <root url="file://$APPLICATION_HOME_DIR$/plugins/python/helpers/typeshed/stdlib/3" type="simple" />
            <root url="file://$APPLICATION_HOME_DIR$/plugins/python/helpers/typeshed/stdlib/2and3" type="simple" />
            <root url="file://$APPLICATION_HOME_DIR$/plugins/python/helpers/typeshed/third_party/3" type="simple" />
            <root url="file://$APPLICATION_HOME_DIR$/plugins/python/helpers/typeshed/third_party/2and3" type="simple" />
          </root>
        </classPath>
        <sourcePath>
          <root type="composite" />
        </sourcePath>
      </roots>
      <additional INTERPRETER_PATH="/home/jtriv/apps/anaconda3/envs/ns/bin/python3" HELPERS_PATH="/home/jtriv/.pycharm_helpers" INITIALIZED="false" VALID="true" RUN_AS_ROOT_VIA_SUDO="false" SKELETONS_PATH="" VERSION="" WEB_SERVER_CONFIG_ID="86bc84b4-fd1e-4e25-b387-af502abbb012" WEB_SERVER_CONFIG_NAME="jtriv@192.168.1.14:22 key" WEB_SERVER_CREDENTIALS_ID="sftp://jtriv@192.168.1.14:22">
        <PathMappingSettings>
          <option name="pathMappings">
            <list>
              <mapping local-root="$USER_HOME$/AppData/Local/JetBrains/PyCharm2020.2/remote_sources/54751434/345941806" remote-root="/home/jtriv/apps/anaconda3/envs/ns/lib/python3.9" />
              <mapping local-root="$USER_HOME$/AppData/Local/JetBrains/PyCharm2020.2/remote_sources/54751434/-911230062" remote-root="/home/jtriv/apps/anaconda3/envs/ns/lib/python3.9/site-packages" />
            </list>
          </option>
        </PathMappingSettings>
      </additional>
    </jdk>
    <jdk version="2">
      <name value="Python 3.9 (trikit)" />
      <type value="Python SDK" />
      <version value="Python 3.9.7" />
      <homePath value="C:\Apps\Anaconda3\envs\trikit\python.exe" />
      <roots>
        <classPath>
          <root type="composite">
            <root url="file://C:/Apps/Anaconda3/envs/trikit/DLLs" type="simple" />
            <root url="file://C:/Apps/Anaconda3/envs/trikit/Lib" type="simple" />
            <root url="file://C:/Apps/Anaconda3/envs/trikit/Lib/site-packages" type="simple" />
            <root url="file://C:/Apps/Anaconda3/envs/trikit/Lib/site-packages/win32" type="simple" />
            <root url="file://C:/Apps/Anaconda3/envs/trikit/Lib/site-packages/win32/lib" type="simple" />
            <root url="file://C:/Apps/Anaconda3/envs/trikit/Lib/site-packages/pythonwin" type="simple" />
            <root url="file://$USER_HOME$/AppData/Local/JetBrains/PyCharm2020.2/python_stubs/45603175" type="simple" />
            <root url="file://$APPLICATION_HOME_DIR$/plugins/python/helpers/python-skeletons" type="simple" />
            <root url="file://$APPLICATION_HOME_DIR$/plugins/python/helpers/typeshed/stdlib/3.7" type="simple" />
            <root url="file://$APPLICATION_HOME_DIR$/plugins/python/helpers/typeshed/stdlib/3" type="simple" />
            <root url="file://$APPLICATION_HOME_DIR$/plugins/python/helpers/typeshed/stdlib/2and3" type="simple" />
            <root url="file://$APPLICATION_HOME_DIR$/plugins/python/helpers/typeshed/third_party/3" type="simple" />
            <root url="file://$APPLICATION_HOME_DIR$/plugins/python/helpers/typeshed/third_party/2and3" type="simple" />
          </root>
        </classPath>
        <sourcePath>
          <root type="composite" />
        </sourcePath>
      </roots>
      <additional ASSOCIATED_PROJECT_PATH="G:/Repos/_trikit_/trikit" />
    </jdk>
    <jdk version="2">
      <name value="Python 3.9 (trikit) (2)" />
      <type value="Python SDK" />
      <version value="Python 3.9.7" />
      <homePath value="C:\Apps\Anaconda3\envs\trikit\python.exe" />
      <roots>
        <classPath>
          <root type="composite">
            <root url="file://C:/Apps/Anaconda3/envs/trikit/DLLs" type="simple" />
            <root url="file://C:/Apps/Anaconda3/envs/trikit/Lib" type="simple" />
            <root url="file://C:/Apps/Anaconda3/envs/trikit/Lib/site-packages" type="simple" />
            <root url="file://C:/Apps/Anaconda3/envs/trikit/Lib/site-packages/win32" type="simple" />
            <root url="file://C:/Apps/Anaconda3/envs/trikit/Lib/site-packages/win32/lib" type="simple" />
            <root url="file://C:/Apps/Anaconda3/envs/trikit/Lib/site-packages/pythonwin" type="simple" />
            <root url="file://$USER_HOME$/AppData/Local/JetBrains/PyCharm2020.2/python_stubs/45603175" type="simple" />
            <root url="file://$APPLICATION_HOME_DIR$/plugins/python/helpers/python-skeletons" type="simple" />
            <root url="file://$APPLICATION_HOME_DIR$/plugins/python/helpers/typeshed/stdlib/3.7" type="simple" />
            <root url="file://$APPLICATION_HOME_DIR$/plugins/python/helpers/typeshed/stdlib/3" type="simple" />
            <root url="file://$APPLICATION_HOME_DIR$/plugins/python/helpers/typeshed/stdlib/2and3" type="simple" />
            <root url="file://$APPLICATION_HOME_DIR$/plugins/python/helpers/typeshed/third_party/3" type="simple" />
            <root url="file://$APPLICATION_HOME_DIR$/plugins/python/helpers/typeshed/third_party/2and3" type="simple" />
          </root>
        </classPath>
        <sourcePath>
          <root type="composite" />
        </sourcePath>
      </roots>
      <additional ASSOCIATED_PROJECT_PATH="G:/Repos/_trikit_/trikit" />
    </jdk>
    <jdk version="2">
      <name value="Python 3.9 (ml)" />
      <type value="Python SDK" />
      <version value="Python 3.9.7" />
      <homePath value="C:\Apps\Anaconda3\envs\ml\python.exe" />
      <roots>
        <classPath>
          <root type="composite">
            <root url="file://C:/Apps/Anaconda3/envs/ml/DLLs" type="simple" />
            <root url="file://C:/Apps/Anaconda3/envs/ml/Lib" type="simple" />
            <root url="file://C:/Apps/Anaconda3/envs/ml/Lib/site-packages" type="simple" />
            <root url="file://C:/Apps/Anaconda3/envs/ml/Lib/site-packages/win32" type="simple" />
            <root url="file://C:/Apps/Anaconda3/envs/ml/Lib/site-packages/win32/lib" type="simple" />
            <root url="file://C:/Apps/Anaconda3/envs/ml/Lib/site-packages/pythonwin" type="simple" />
            <root url="file://$USER_HOME$/AppData/Local/JetBrains/PyCharm2020.2/python_stubs/-344518125" type="simple" />
            <root url="file://$APPLICATION_HOME_DIR$/plugins/python/helpers/python-skeletons" type="simple" />
            <root url="file://$APPLICATION_HOME_DIR$/plugins/python/helpers/typeshed/stdlib/3.7" type="simple" />
            <root url="file://$APPLICATION_HOME_DIR$/plugins/python/helpers/typeshed/stdlib/3" type="simple" />
            <root url="file://$APPLICATION_HOME_DIR$/plugins/python/helpers/typeshed/stdlib/2and3" type="simple" />
            <root url="file://$APPLICATION_HOME_DIR$/plugins/python/helpers/typeshed/third_party/3" type="simple" />
            <root url="file://$APPLICATION_HOME_DIR$/plugins/python/helpers/typeshed/third_party/2and3" type="simple" />
          </root>
        </classPath>
        <sourcePath>
          <root type="composite" />
        </sourcePath>
      </roots>
      <additional />
    </jdk>
    <jdk version="2">
      <name value="Python 3.9 (py3)" />
      <type value="Python SDK" />
      <version value="Python 3.10.0" />
      <homePath value="C:\Apps\Anaconda3\envs\py3\python.exe" />
      <roots>
        <classPath>
          <root type="composite">
            <root url="file://C:/Apps/Anaconda3/envs/py3/DLLs" type="simple" />
            <root url="file://C:/Apps/Anaconda3/envs/py3/Lib" type="simple" />
            <root url="file://$USER_HOME$/AppData/Roaming/Python/Python310/site-packages" type="simple" />
            <root url="file://$USER_HOME$/AppData/Roaming/Python/Python310/site-packages/ebaysdk-2.2.0-py3.10.egg" type="simple" />
            <root url="file://C:/Apps/Anaconda3/envs/py3/Lib/site-packages" type="simple" />
            <root url="file://C:/Apps/Anaconda3/envs/py3/Lib/site-packages/ebaysdk-2.2.0-py3.10.egg" type="simple" />
            <root url="file://C:/Apps/Anaconda3/envs/py3/Lib/site-packages/win32" type="simple" />
            <root url="file://C:/Apps/Anaconda3/envs/py3/Lib/site-packages/win32/lib" type="simple" />
            <root url="file://C:/Apps/Anaconda3/envs/py3/Lib/site-packages/pythonwin" type="simple" />
            <root url="file://$USER_HOME$/AppData/Local/JetBrains/PyCharm2020.2/python_stubs/1451635874" type="simple" />
            <root url="file://$APPLICATION_HOME_DIR$/plugins/python/helpers/python-skeletons" type="simple" />
            <root url="file://$APPLICATION_HOME_DIR$/plugins/python/helpers/typeshed/stdlib/3.7" type="simple" />
            <root url="file://$APPLICATION_HOME_DIR$/plugins/python/helpers/typeshed/stdlib/3" type="simple" />
            <root url="file://$APPLICATION_HOME_DIR$/plugins/python/helpers/typeshed/stdlib/2and3" type="simple" />
            <root url="file://$APPLICATION_HOME_DIR$/plugins/python/helpers/typeshed/third_party/3" type="simple" />
            <root url="file://$APPLICATION_HOME_DIR$/plugins/python/helpers/typeshed/third_party/2and3" type="simple" />
          </root>
        </classPath>
        <sourcePath>
          <root type="composite" />
        </sourcePath>
      </roots>
      <additional />
    </jdk>
    <jdk version="2">
      <name value="Python 3.9 (py3) (2)" />
      <type value="Python SDK" />
      <version value="Python 3.10.0" />
      <homePath value="C:\Apps\Anaconda3\envs\py3\python.exe" />
      <roots>
        <classPath>
          <root type="composite">
            <root url="file://C:/Apps/Anaconda3/envs/py3/DLLs" type="simple" />
            <root url="file://C:/Apps/Anaconda3/envs/py3/Lib" type="simple" />
            <root url="file://$USER_HOME$/AppData/Roaming/Python/Python310/site-packages" type="simple" />
            <root url="file://$USER_HOME$/AppData/Roaming/Python/Python310/site-packages/ebaysdk-2.2.0-py3.10.egg" type="simple" />
            <root url="file://C:/Apps/Anaconda3/envs/py3/Lib/site-packages" type="simple" />
            <root url="file://C:/Apps/Anaconda3/envs/py3/Lib/site-packages/ebaysdk-2.2.0-py3.10.egg" type="simple" />
            <root url="file://C:/Apps/Anaconda3/envs/py3/Lib/site-packages/win32" type="simple" />
            <root url="file://C:/Apps/Anaconda3/envs/py3/Lib/site-packages/win32/lib" type="simple" />
            <root url="file://C:/Apps/Anaconda3/envs/py3/Lib/site-packages/pythonwin" type="simple" />
            <root url="file://$USER_HOME$/AppData/Local/JetBrains/PyCharm2020.2/python_stubs/1451635874" type="simple" />
            <root url="file://$APPLICATION_HOME_DIR$/plugins/python/helpers/python-skeletons" type="simple" />
            <root url="file://$APPLICATION_HOME_DIR$/plugins/python/helpers/typeshed/stdlib/3.7" type="simple" />
            <root url="file://$APPLICATION_HOME_DIR$/plugins/python/helpers/typeshed/stdlib/3" type="simple" />
            <root url="file://$APPLICATION_HOME_DIR$/plugins/python/helpers/typeshed/stdlib/2and3" type="simple" />
            <root url="file://$APPLICATION_HOME_DIR$/plugins/python/helpers/typeshed/third_party/3" type="simple" />
            <root url="file://$APPLICATION_HOME_DIR$/plugins/python/helpers/typeshed/third_party/2and3" type="simple" />
          </root>
        </classPath>
        <sourcePath>
          <root type="composite" />
        </sourcePath>
      </roots>
      <additional ASSOCIATED_PROJECT_PATH="G:/Repos/SecretSanta" />
    </jdk>
  </component>
</application>