<application>
  <component name="NotificationConfiguration" showBalloons="false" systemNotifications="false">
    <notification groupId="IDE and Plugin Updates" displayType="NONE" shouldLog="false" />
    <notification groupId="Platform and Plugin Updates" displayType="STICKY_BALLOON" shouldLog="false" />
    <notification groupId="Plugins Suggestion" displayType="STICKY_BALLOON" shouldLog="false" />
    <notification groupId="Power Save Mode" shouldLog="false" />
    <notification groupId="Project Startup Tasks Messages" displayType="NONE" shouldLog="false" />
    <notification groupId="System Health (minor)" displayType="NONE" shouldLog="false" />
  </component>
</application>